{
  "assetsByChunkName": {
    "vendors~app-account~app-confirmation~app-order": "chunk.72e09aa6a577eacb0afe.js",
    "vendors~app-account~app-checkout": "chunk.1332d2af9730407f2c4d.js",
    "vendors~app-cart~app-checkout": "chunk.adebcf3475641ed240d3.js",
    "admin": [
      "admin.fe55341ae401003d691e.js",
      "admin.fe55341ae401003d691e.js.map"
    ],
    "app-account": "chunk.994c2935b7a2dd9c32ba.js",
    "app-cart": "chunk.acb4e6b6a4dcd13c3c0c.js",
    "app-checkout": "chunk.6912295347a341392fd8.js",
    "app-confirmation": "chunk.4855be19e9e20b9ca8dd.js",
    "app-order": "chunk.f591f65f99f07c10f196.js",
    "checkout": [
      "checkout.149cec62b0ebb77c9304.js",
      "checkout.149cec62b0ebb77c9304.js.map"
    ],
    "storefront": [
      "storefront.88daafff3d6ca1551a84.css",
      "storefront.20f5bfa91f326dfe8332.js",
      "storefront.88daafff3d6ca1551a84.css.map",
      "storefront.20f5bfa91f326dfe8332.js.map"
    ],
    "vendors~app-account": "chunk.55071ca1c2f0cf3bb342.js",
    "vendors~app-cart": "chunk.6409067f4daa6bd0ceab.js",
    "vendors~app-checkout": "chunk.f03eca04f8a4451fe754.js"
  }
}