{
  "links": [
    {
      "url": "/new-in",
      "title": "New In",
      "list": [
        {
          "item": {
            "url": "/masculino",
            "title": "Masculino",
            "list": []
          }
        },
        {
          "item": {
            "url": "/feminino",
            "title": "Feminino",
            "list": []
          }
        }
      ],
      "images": [
        {
          "item": {
            "title": "Comprar",
            "image": "/img/uploads/frame1",
            "url": "/new-in"
          }
        }
      ]
    },
    {
      "title": "Óculos de grau",
      "url": "/oculos-de-grau",
      "list": [
        {
          "item": {
            "url": "/masculino",
            "title": "Masculino"
          }
        },
        {
          "item": {
            "url": "/feminino",
            "title": "Feminino"
          }
        }
      ],
      "images": [
        {
          "item": {
            "title": "Comprar",
            "url": "/armacoes-e-solares",
            "image": "/img/uploads/Frame3.jpg"
          }
        }
      ]
    },
    {
      "title": "Óculos de grau",
      "url": "/oculos-de-grau",
      "list": [
        {
          "item": {
            "url": "/masculino",
            "title": "Masculino"
          }
        },
        {
          "item": {
            "url": "/feminino",
            "title": "Feminino"
          }
        }
      ],
      "images": [
        {
          "item": {
            "title": "Comprar",
            "url": "/best-sellers",
            "image": "/img/uploads/Frame4.jpg"
          }
        }
      ]
    },
    {
      "title": "Acessórios",
      "url": "/acessorios"
    },
    {
      "title": "Sale",
      "url": "/sale"
    }
    ]
}
