{
  "links": [
    {
      "title": "Compre",
      "list": [
        {
          "item": {
            "title": "Óculos de Sol",
            "url": "/oculos-de-sol"
          }
        },
        {
          "item": {
            "title": "Óculos de Grau",
            "url": "/oculos-de-grau"
          }
        },
        {
          "item": {
            "title": "Óculos de Sol Masculino",
            "url": "/oculos-de-sol/masculino"
          }
        },
        {
          "item": {
            "title": "Óculos de Sol Feminino",
            "url": "/oculos-de-sol/feminino"
          }
        }
      ]
    },
    {
      "title": "Sobre",
      "list": [
        {
          "item": {
            "title": "Quem somos",
            "url": "/pages/quem-somos"
          }
        },
        {
          "item": {
            "title": "Política de Envio",
            "url": "/pages/politica-de-envio"
          }
        },
        {
          "item": {
            "title": "Política de Privacidade",
            "url": "/pages/politica-de-privacidade"
          }
        },
        {
          "item": {
            "title": "Trocas e Devoluções",
            "url": "/pages/trocas-e-devolucoes"
          }
        },
        {
          "item": {
            "title": "Fale Conosco",
            "url": "/pages/contato"
          }
        }
        
      ]
    }
  ]
}