{
  "youtube": "https://www.facebook.com/hera/",
  "facebook": "https://www.facebook.com/heraeyewearbr/",
  "phone": "",
  "doc_number": "123",
  "whatsapp": "(31) 99860-1785",
  "instagram": "https://www.instagram.com/heraeyewearbr",
  "twitter": "https://www.facebook.com/hera/",
  "address": "Segunda à Sexta, das 10h às 18h",
  "tiktok": "https://www.facebook.com/hera/",
  "pinterest": "https://www.facebook.com/hera/",
  "email": "contato@hera.com.br",
  "linkedin": "https://www.facebook.com/hera/"
}