{
  "categories_list": {
    "featured": [
      "/oculos-de-sol?Óculos de Sol",
      "/new-in?New In",
      "/oculos-de-grau?Óculos de Grau",
      "/sale?Sale"
    ],
    "random": 0,
    "full_width": true
  },
  "centralized_logo": true,
  "marketing_stripe": {
    "text": "Garanta <b>R$ 100 de desconto</b> em seu primeiro pedido ao usar o cupom <b>PRIMEIRACOMPRA</b>",
    "link": "#",
    "color": "#000000"
  },
  "alphabetical_order_submenu": false,
  "popup": null,
  "search_input": true,
  "desktop_megamenu": false,
  "full_width_submenu": false,
  "contacts_stripe": {
    "pages": [],
    "phone_wpp": false,
    "socials": false
  }
}