{
  "meta_title": "",
  "meta_description": "",
  "sections": [
    {
      "description_color": "#f2f2f2",
      "container": "container-fluid",
      "animate": null,
      "btn_text_2": "",
      "img": "/img/uploads/banner-desktop-1-2-.jpg",
      "btn_background_2": "#ffffff",
      "margin_top": "0",
      "mobile_img": "/img/uploads/banner-mobile-1-4-.jpg",
      "mask_opacity_m": 1,
      "padding_top": "0",
      "btn_text_color_2": "#000000",
      "content_order": "inside_image",
      "alt": "",
      "btn_url": "",
      "content_position": "bottom_right",
      "mask_color": "#000000",
      "btn_text": "",
      "padding": "px-0",
      "btn_background": "#ffffff",
      "btn_background_2_m": "#ffffff",
      "link_text": "",
      "btn_text_color": "#000000",
      "btn_text_color_2_m": "#000000",
      "link_text_color": "#000000",
      "mask_opacity": 2,
      "title": "NEW-IN <br><b> Hera</b>",
      "padding_bottom": "0",
      "type": "apx_responsive-banner",
      "link": "",
      "margin_bottom": "0",
      "title_color": "#ffffff",
      "description": "",
      "mask_color_m": "#000000",
      "btn_url_2": ""
    },
    {
      "carrossel_sm": "Sim",
      "container": "container_90",
      "products": [
        "67ebfefa3b75ec550cdf7a3c",
        "67eb064c3b75ec550cddbcbb",
        "67eb039d3b75ec550cddb844",
        "6501c4ce2cd6b659594a3dc4",
        "67eaf7403b75ec550cdd9a18",
        "67eb06f63b75ec550cddbdb9"
      ],
      "margin_top": "5",
      "carrossel_dots_md": "Sim",
      "carrossel_arrows_md": "Sim",
      "padding_top": "5",
      "carrossel_dots_sm": "Sim",
      "carrossel_arrows_sm": "Sim",
      "padding_sm": "px-2",
      "num_col_md": "4",
      "btn_text": "Ver Mais",
      "padding": "px-md-2",
      "num_col_sm": "1",
      "title": "Em Destaque",
      "padding_bottom": "5",
      "type": "apx_productList_A",
      "margin_bottom": "5",
      "description": "",
      "btn_link": "/produtos",
      "list": "description_last",
      "carrossel_md": "Sim"
    },
    {
      "container": "container_90",
      "margin_top": "4",
      "padding_top": "4",
      "banners": [
        {
          "btn_text_2": "FEMININO",
          "img": "/img/uploads/whatsapp-image-2025-05-21-at-12.54.44.jpeg",
          "btn_background_2": "#ffffff",
          "mobile_img": "/img/uploads/whatsapp-image-2025-05-21-at-12.54.44.jpeg",
          "mask_opacity_m": 3,
          "btn_text_color_2": "#000000",
          "content_order": "inside_image",
          "btn_url": "/masculino",
          "content_position": "center_center",
          "mask_color": "#000000",
          "btn_text": "MASCULINO",
          "btn_background": "#ffffff",
          "btn_text_color": "#000000",
          "mask_opacity": 3,
          "title": "NEW IN",
          "link": "/new-in",
          "title_color": "#ffffff",
          "mask_color_m": "#000000",
          "btn_url_2": "/feminino"
        },
        {
          "btn_text_2": "ÓCULOS DE SOL",
          "img": "/img/uploads/rachelpontes-4856.jpg",
          "btn_background_2": "#ffffff",
          "mobile_img": "/img/uploads/rachelpontes-4856.jpg",
          "mask_opacity_m": 3,
          "btn_text_color_2": "#000000",
          "content_order": "inside_image",
          "btn_url": "https://heraeyewear.com.br/oculos-de-grau",
          "content_position": "center_center",
          "mask_color": "#000000",
          "btn_text": "ÓCULOS DE GRAU",
          "btn_background": "#ffffff",
          "btn_text_color": "#000000",
          "mask_opacity": 3,
          "title": "BEST SELLERS",
          "link": "/best-sellers",
          "title_color": "#ffffff",
          "mask_color_m": "#000000",
          "btn_url_2": "/oculos-de-sol"
        }
      ],
      "padding_bottom_m": "2",
      "margin_bottom_m": "2",
      "padding": "px-0",
      "margin_top_m": "2",
      "padding_top_m": "0",
      "padding_bottom": "0",
      "type": "apx_banners-grid",
      "margin_bottom": "0"
    },
    {
      "container": "container_90",
      "margin_top": "0",
      "padding_top": "0",
      "banners": [
        {
          "btn_text_2": "FEMININO",
          "img": "/img/uploads/rachelpontes-4829.jpg",
          "btn_background_2": "#ffffff",
          "mobile_img": "/img/uploads/rachelpontes-4829.jpg",
          "mask_opacity_m": 3,
          "btn_text_color_2": "#000000",
          "content_order": "inside_image",
          "btn_url": "/masculino",
          "content_position": "center_center",
          "mask_color": "#000000",
          "btn_text": "MASCULINO",
          "btn_background": "#ffffff",
          "btn_text_color": "#000000",
          "mask_opacity": 3,
          "title": "Armações e Solares",
          "link": "/armacoes-e-solares",
          "title_color": "#ffffff",
          "mask_color_m": "#000000",
          "btn_url_2": "/feminino"
        }
      ],
      "padding_bottom_m": "2",
      "margin_bottom_m": "2",
      "padding": "px-0",
      "margin_top_m": "0",
      "padding_top_m": "0",
      "padding_bottom": "4",
      "type": "apx_banners-grid",
      "margin_bottom": "4"
    }
  ]
}